Geography,Year,Numerator,Denominator
Alameda,2007,107.0,21522.0
Alameda,2007-2009,4913.0,1378297.0
Alameda,2008,81.0,20977.0
Alameda,2008-2010,4804.0,1331159.0
Alameda,2009,82.0,20326.0
Alameda,2009-2011,4786.0,1287315.0
Alameda,2010,101.0,19307.0
Alameda,2010-2012,4618.0,1268887.0
Alameda,2011,80.0,19004.0
Alameda,2011-2013,4346.0,1265827.0
Alameda,2012,74.0,19551.0
Alameda,2012-2014,4340.0,1279585.0
Alameda,2013,88.0,19250.0
Alameda,2013-2015,4862.0,1392172.0
Alameda,2014,82.0,19661.0
Alameda,2014-2016,4562.0,1401026.0
Alameda,2015,77.0,19445.0
Alameda,2015-2017,4389.0,1384646.0
Alameda,2016,73.0,19577.0
Alameda,2016-2018,4188.0,1356914.0
Alameda,2017,71.0,18897.0
Alameda,2017-2019,3871.0,1324904.0
Alameda,2018,67.0,18228.0
Alameda,2018-2020,3713.0,1285827.0
Alameda,2019,56.0,18198.0
Alameda,2019-2021,3497.0,1254043.0
Alameda,2020,64.0,17301.0
Alameda,2021,56.0,16934.0
Alpine,2007,0.0,13.0
Alpine,2007-2009,0.0,648.0
Alpine,2008,0.0,13.0
Alpine,2008-2010,0.0,456.0
Alpine,2009,0.0,4.0
Alpine,2009-2011,0.0,305.0
Alpine,2010,0.0,4.0
Alpine,2010-2012,0.0,392.0
Alpine,2011,0.0,6.0
Alpine,2011-2013,0.0,418.0
Alpine,2012,0.0,8.0
Alpine,2012-2014,0.0,419.0
Alpine,2013,0.0,5.0
Alpine,2013-2015,0.0,334.0
Alpine,2014,0.0,6.0
Alpine,2014-2016,0.0,372.0
Alpine,2015,0.0,3.0
Alpine,2015-2017,0.0,394.0
Alpine,2016,0.0,7.0
Alpine,2016-2018,0.0,543.0
Alpine,2017,0.0,7.0
Alpine,2017-2019,0.0,637.0
Alpine,2018,0.0,9.0
Alpine,2018-2020,0.0,660.0
Alpine,2019,0.0,11.0
Alpine,2019-2021,0.0,584.0
Alpine,2020,0.0,8.0
Alpine,2021,0.0,6.0
Amador,2007,0.0,294.0
Amador,2007-2009,0.0,19303.0
Amador,2008,0.0,288.0
Amador,2008-2010,0.0,18824.0
Amador,2009,0.0,295.0
Amador,2009-2011,0.0,18426.0
Amador,2010,0.0,272.0
Amador,2010-2012,0.0,18228.0
Amador,2011,0.0,270.0
Amador,2011-2013,0.0,17993.0
Amador,2012,0.0,285.0
Amador,2012-2014,0.0,18434.0
Amador,2013,0.0,261.0
Amador,2013-2015,0.0,20487.0
Amador,2014,0.0,291.0
Amador,2014-2016,0.0,21571.0
Amador,2015,0.0,305.0
Amador,2015-2017,0.0,21876.0
Amador,2016,0.0,307.0
Amador,2016-2018,0.0,21878.0
Amador,2017,0.0,304.0
Amador,2017-2019,0.0,22017.0
Amador,2018,0.0,305.0
Amador,2018-2020,0.0,21249.0
Amador,2019,0.0,313.0
Amador,2019-2021,0.0,22392.0
Amador,2020,0.0,272.0
Amador,2021,0.0,352.0
Butte,2007,21.0,2523.0
Butte,2007-2009,747.0,164342.0
Butte,2008,14.0,2521.0
Butte,2008-2010,568.0,162896.0
Butte,2009,12.0,2440.0
Butte,2009-2011,549.0,160087.0
Butte,2010,11.0,2454.0
Butte,2010-2012,537.0,159249.0
Butte,2011,13.0,2392.0
Butte,2011-2013,636.0,158524.0
Butte,2012,11.0,2397.0
Butte,2012-2014,649.0,160633.0
Butte,2013,16.0,2417.0
Butte,2013-2015,589.0,175974.0
Butte,2014,14.0,2482.0
Butte,2014-2016,489.0,177784.0
Butte,2015,0.0,2442.0
Butte,2015-2017,460.0,175652.0
Butte,2016,13.0,2491.0
Butte,2016-2018,498.0,175118.0
Butte,2017,11.0,2389.0
Butte,2017-2019,434.0,167057.0
Butte,2018,0.0,2420.0
Butte,2018-2020,347.0,157314.0
Butte,2019,12.0,2150.0
Butte,2019-2021,372.0,148683.0
Butte,2020,0.0,1984.0
Butte,2021,10.0,2057.0
Calaveras,2007,0.0,397.0
Calaveras,2007-2009,0.0,24403.0
Calaveras,2008,0.0,373.0
Calaveras,2008-2010,0.0,23275.0
Calaveras,2009,0.0,338.0
Calaveras,2009-2011,0.0,22235.0
Calaveras,2010,0.0,346.0
Calaveras,2010-2012,0.0,22431.0
Calaveras,2011,0.0,326.0
Calaveras,2011-2013,0.0,22212.0
Calaveras,2012,0.0,347.0
Calaveras,2012-2014,0.0,22692.0
Calaveras,2013,0.0,337.0
Calaveras,2013-2015,0.0,25443.0
Calaveras,2014,0.0,348.0
Calaveras,2014-2016,0.0,26336.0
Calaveras,2015,0.0,380.0
Calaveras,2015-2017,0.0,28098.0
Calaveras,2016,0.0,375.0
Calaveras,2016-2018,0.0,28015.0
Calaveras,2017,0.0,421.0
Calaveras,2017-2019,0.0,28692.0
Calaveras,2018,0.0,376.0
Calaveras,2018-2020,0.0,27291.0
Calaveras,2019,0.0,401.0
Calaveras,2019-2021,0.0,27704.0
Calaveras,2020,0.0,363.0
Calaveras,2021,0.0,392.0
California,2007,51275.0,11814811.0
California,2007-2009,154033.0,36010526.0
California,2008,52333.0,12077666.0
California,2008-2010,144839.0,34819912.0
California,2009,47376.0,11551731.0
California,2009-2011,136285.0,33762660.0
California,2010,45106.0,11190515.0
California,2010-2012,131016.0,33264671.0
California,2011,43775.0,11020414.0
California,2011-2013,129160.0,32932564.0
California,2012,42109.0,11053742.0
California,2012-2014,126852.0,32960336.0
California,2013,47774.0,11819516.0
California,2013-2015,137780.0,35607528.0
California,2014,45801.0,12025125.0
California,2014-2016,132179.0,35476966.0
California,2015,44158.0,11762887.0
California,2015-2017,126512.0,34744039.0
California,2016,42179.0,11688954.0
California,2016-2018,121536.0,33859787.0
California,2017,40115.0,11292198.0
California,2017-2019,116743.0,32866485.0
California,2018,39196.0,10878635.0
California,2018-2020,110173.0,31633398.0
California,2019,37390.0,10695652.0
California,2019-2021,105762.0,30822169.0
California,2020,33564.0,10059111.0
California,2021,34778.0,10067406.0
Colusa,2007,0.0,386.0
Colusa,2007-2009,0.0,24520.0
Colusa,2008,0.0,367.0
Colusa,2008-2010,0.0,23468.0
Colusa,2009,0.0,361.0
Colusa,2009-2011,0.0,22041.0
Colusa,2010,0.0,338.0
Colusa,2010-2012,0.0,21031.0
Colusa,2011,0.0,302.0
Colusa,2011-2013,0.0,20496.0
Colusa,2012,0.0,314.0
Colusa,2012-2014,0.0,20131.0
Colusa,2013,0.0,313.0
Colusa,2013-2015,0.0,21507.0
Colusa,2014,0.0,285.0
Colusa,2014-2016,0.0,21553.0
Colusa,2015,0.0,298.0
Colusa,2015-2017,0.0,21722.0
Colusa,2016,0.0,316.0
Colusa,2016-2018,0.0,20949.0
Colusa,2017,0.0,293.0
Colusa,2017-2019,0.0,19320.0
Colusa,2018,0.0,267.0
Colusa,2018-2020,0.0,19204.0
Colusa,2019,0.0,248.0
Colusa,2019-2021,0.0,19655.0
Colusa,2020,0.0,291.0
Colusa,2021,0.0,286.0
Contra Costa,2007,58.0,13489.0
Contra Costa,2007-2009,3063.0,864711.0
Contra Costa,2008,50.0,13137.0
Contra Costa,2008-2010,2988.0,840310.0
Contra Costa,2009,63.0,12682.0
Contra Costa,2009-2011,3326.0,816588.0
Contra Costa,2010,53.0,12355.0
Contra Costa,2010-2012,3130.0,802906.0
Contra Costa,2011,69.0,12058.0
Contra Costa,2011-2013,3119.0,798329.0
Contra Costa,2012,51.0,12061.0
Contra Costa,2012-2014,2818.0,809635.0
Contra Costa,2013,52.0,12154.0
Contra Costa,2013-2015,2886.0,894631.0
Contra Costa,2014,51.0,12560.0
Contra Costa,2014-2016,2516.0,899266.0
Contra Costa,2015,42.0,12599.0
Contra Costa,2015-2017,2334.0,890268.0
Contra Costa,2016,35.0,12345.0
Contra Costa,2016-2018,2433.0,875892.0
Contra Costa,2017,42.0,12187.0
Contra Costa,2017-2019,2838.0,863873.0
Contra Costa,2018,45.0,11983.0
Contra Costa,2018-2020,2805.0,855297.0
Contra Costa,2019,54.0,11812.0
Contra Costa,2019-2021,2848.0,854596.0
Contra Costa,2020,41.0,11815.0
Contra Costa,2021,47.0,11936.0
Del Norte,2007,0.0,355.0
Del Norte,2007-2009,0.0,21946.0
Del Norte,2008,0.0,313.0
Del Norte,2008-2010,0.0,22359.0
Del Norte,2009,0.0,333.0
Del Norte,2009-2011,0.0,22943.0
Del Norte,2010,0.0,372.0
Del Norte,2010-2012,0.0,22276.0
Del Norte,2011,0.0,337.0
Del Norte,2011-2013,0.0,21026.0
Del Norte,2012,0.0,302.0
Del Norte,2012-2014,0.0,20729.0
Del Norte,2013,0.0,315.0
Del Norte,2013-2015,0.0,22471.0
Del Norte,2014,0.0,324.0
Del Norte,2014-2016,0.0,22309.0
Del Norte,2015,0.0,301.0
Del Norte,2015-2017,0.0,20991.0
Del Norte,2016,0.0,310.0
Del Norte,2016-2018,0.0,20500.0
Del Norte,2017,0.0,269.0
Del Norte,2017-2019,0.0,19707.0
Del Norte,2018,0.0,283.0
Del Norte,2018-2020,0.0,19397.0
Del Norte,2019,0.0,280.0
Del Norte,2019-2021,0.0,18826.0
Del Norte,2020,0.0,260.0
Del Norte,2021,0.0,262.0
El Dorado,2007,0.0,1881.0
El Dorado,2007-2009,312.0,119141.0
El Dorado,2008,11.0,1815.0
El Dorado,2008-2010,288.0,113524.0
El Dorado,2009,0.0,1720.0
El Dorado,2009-2011,155.0,109545.0
El Dorado,2010,0.0,1620.0
El Dorado,2010-2012,108.0,105038.0
El Dorado,2011,0.0,1629.0
El Dorado,2011-2013,44.0,103103.0
El Dorado,2012,0.0,1513.0
El Dorado,2012-2014,49.0,102848.0
El Dorado,2013,0.0,1534.0
El Dorado,2013-2015,43.0,113814.0
El Dorado,2014,0.0,1619.0
El Dorado,2014-2016,102.0,115496.0
El Dorado,2015,0.0,1597.0
El Dorado,2015-2017,87.0,114295.0
El Dorado,2016,0.0,1602.0
El Dorado,2016-2018,100.0,116025.0
El Dorado,2017,0.0,1572.0
El Dorado,2017-2019,54.0,114409.0
El Dorado,2018,0.0,1670.0
El Dorado,2018-2020,171.0,112196.0
El Dorado,2019,0.0,1533.0
El Dorado,2019-2021,183.0,110406.0
El Dorado,2020,0.0,1478.0
El Dorado,2021,0.0,1596.0
Fresno,2007,106.0,17293.0
Fresno,2007-2009,5678.0,1095293.0
Fresno,2008,115.0,16765.0
Fresno,2008-2010,5960.0,1072365.0
Fresno,2009,95.0,16275.0
Fresno,2009-2011,6219.0,1061535.0
Fresno,2010,118.0,16281.0
Fresno,2010-2012,6227.0,1056914.0
Fresno,2011,126.0,16158.0
Fresno,2011-2013,6722.0,1048006.0
Fresno,2012,96.0,15955.0
Fresno,2012-2014,6422.0,1041294.0
Fresno,2013,144.0,15738.0
Fresno,2013-2015,7765.0,1120875.0
Fresno,2014,112.0,15799.0
Fresno,2014-2016,6382.0,1107363.0
Fresno,2015,126.0,15363.0
Fresno,2015-2017,6063.0,1077913.0
Fresno,2016,78.0,15135.0
Fresno,2016-2018,5644.0,1055689.0
Fresno,2017,95.0,14545.0
Fresno,2017-2019,5875.0,1030320.0
Fresno,2018,106.0,14413.0
Fresno,2018-2020,5569.0,1013408.0
Fresno,2019,88.0,14059.0
Fresno,2019-2021,4882.0,1001894.0
Fresno,2020,79.0,13835.0
Fresno,2021,76.0,13973.0
Glenn,2007,0.0,435.0
Glenn,2007-2009,0.0,29200.0
Glenn,2008,0.0,472.0
Glenn,2008-2010,0.0,29224.0
Glenn,2009,0.0,424.0
Glenn,2009-2011,0.0,27485.0
Glenn,2010,0.0,435.0
Glenn,2010-2012,0.0,26263.0
Glenn,2011,0.0,391.0
Glenn,2011-2013,0.0,25491.0
Glenn,2012,0.0,368.0
Glenn,2012-2014,0.0,26055.0
Glenn,2013,0.0,399.0
Glenn,2013-2015,0.0,28512.0
Glenn,2014,0.0,416.0
Glenn,2014-2016,0.0,28076.0
Glenn,2015,0.0,376.0
Glenn,2015-2017,0.0,27175.0
Glenn,2016,0.0,380.0
Glenn,2016-2018,0.0,26917.0
Glenn,2017,0.0,378.0
Glenn,2017-2019,0.0,27333.0
Glenn,2018,0.0,364.0
Glenn,2018-2020,0.0,26924.0
Glenn,2019,0.0,397.0
Glenn,2019-2021,56.0,26673.0
Glenn,2020,0.0,360.0
Glenn,2021,0.0,354.0
Humboldt,2007,0.0,1602.0
Humboldt,2007-2009,222.0,104180.0
Humboldt,2008,0.0,1606.0
Humboldt,2008-2010,276.0,103132.0
Humboldt,2009,0.0,1545.0
Humboldt,2009-2011,318.0,99701.0
Humboldt,2010,11.0,1556.0
Humboldt,2010-2012,437.0,98919.0
Humboldt,2011,11.0,1451.0
Humboldt,2011-2013,376.0,98310.0
Humboldt,2012,11.0,1511.0
Humboldt,2012-2014,415.0,98812.0
Humboldt,2013,0.0,1534.0
Humboldt,2013-2015,423.0,105376.0
Humboldt,2014,12.0,1474.0
Humboldt,2014-2016,508.0,104601.0
Humboldt,2015,11.0,1446.0
Humboldt,2015-2017,444.0,102407.0
Humboldt,2016,0.0,1491.0
Humboldt,2016-2018,311.0,100685.0
Humboldt,2017,0.0,1372.0
Humboldt,2017-2019,347.0,98815.0
Humboldt,2018,0.0,1365.0
Humboldt,2018-2020,277.0,96102.0
Humboldt,2019,10.0,1409.0
Humboldt,2019-2021,195.0,93680.0
Humboldt,2020,0.0,1257.0
Humboldt,2021,0.0,1266.0
Imperial,2007,17.0,3148.0
Imperial,2007-2009,618.0,209145.0
Imperial,2008,10.0,3221.0
Imperial,2008-2010,597.0,207262.0
Imperial,2009,14.0,3147.0
Imperial,2009-2011,604.0,202897.0
Imperial,2010,17.0,3072.0
Imperial,2010-2012,489.0,198417.0
Imperial,2011,11.0,3075.0
Imperial,2011-2013,363.0,197562.0
Imperial,2012,0.0,3041.0
Imperial,2012-2014,312.0,202801.0
Imperial,2013,10.0,3069.0
Imperial,2013-2015,439.0,226451.0
Imperial,2014,10.0,3270.0
Imperial,2014-2016,547.0,225466.0
Imperial,2015,13.0,3217.0
Imperial,2015-2017,636.0,217418.0
Imperial,2016,13.0,2990.0
Imperial,2016-2018,549.0,203594.0
Imperial,2017,13.0,2924.0
Imperial,2017-2019,438.0,194964.0
Imperial,2018,0.0,2624.0
Imperial,2018-2020,328.0,183107.0
Imperial,2019,0.0,2617.0
Imperial,2019-2021,268.0,178961.0
Imperial,2020,0.0,2422.0
Imperial,2021,0.0,2443.0
Inyo,2007,0.0,212.0
Inyo,2007-2009,0.0,14879.0
Inyo,2008,0.0,226.0
Inyo,2008-2010,0.0,14445.0
Inyo,2009,0.0,239.0
Inyo,2009-2011,0.0,14162.0
Inyo,2010,0.0,192.0
Inyo,2010-2012,0.0,13725.0
Inyo,2011,0.0,213.0
Inyo,2011-2013,0.0,14523.0
Inyo,2012,0.0,219.0
Inyo,2012-2014,0.0,14784.0
Inyo,2013,0.0,230.0
Inyo,2013-2015,0.0,15641.0
Inyo,2014,0.0,226.0
Inyo,2014-2016,0.0,14531.0
Inyo,2015,0.0,203.0
Inyo,2015-2017,0.0,14233.0
Inyo,2016,0.0,182.0
Inyo,2016-2018,0.0,13513.0
Inyo,2017,0.0,212.0
Inyo,2017-2019,0.0,13712.0
Inyo,2018,0.0,172.0
Inyo,2018-2020,0.0,12715.0
Inyo,2019,0.0,191.0
Inyo,2019-2021,0.0,12563.0
Inyo,2020,0.0,171.0
Inyo,2021,0.0,166.0
Kern,2007,108.0,15330.0
Kern,2007-2009,5690.0,969213.0
Kern,2008,117.0,15312.0
Kern,2008-2010,5001.0,958873.0
Kern,2009,101.0,14828.0
Kern,2009-2011,4778.0,945001.0
Kern,2010,66.0,14419.0
Kern,2010-2012,4447.0,943167.0
Kern,2011,101.0,14290.0
Kern,2011-2013,5237.0,940080.0
Kern,2012,82.0,14558.0
Kern,2012-2014,4962.0,938400.0
Kern,2013,106.0,14148.0
Kern,2013-2015,5709.0,1000663.0
Kern,2014,87.0,14197.0
Kern,2014-2016,5013.0,988426.0
Kern,2015,95.0,13771.0
Kern,2015-2017,4854.0,968420.0
Kern,2016,73.0,13733.0
Kern,2016-2018,4362.0,950184.0
Kern,2017,78.0,13331.0
Kern,2017-2019,4419.0,929276.0
Kern,2018,71.0,12882.0
Kern,2018-2020,4506.0,907165.0
Kern,2019,75.0,12775.0
Kern,2019-2021,4420.0,897196.0
Kern,2020,83.0,12356.0
Kern,2021,69.0,12502.0
Kings,2007,11.0,2781.0
Kings,2007-2009,533.0,178176.0
Kings,2008,14.0,2711.0
Kings,2008-2010,697.0,172725.0
Kings,2009,10.0,2644.0
Kings,2009-2011,750.0,169864.0
Kings,2010,19.0,2507.0
Kings,2010-2012,790.0,163716.0
Kings,2011,17.0,2565.0
Kings,2011-2013,705.0,161275.0
Kings,2012,12.0,2357.0
Kings,2012-2014,556.0,156447.0
Kings,2013,14.0,2394.0
Kings,2013-2015,653.0,167496.0
Kings,2014,10.0,2343.0
Kings,2014-2016,511.0,164409.0
Kings,2015,14.0,2275.0
Kings,2015-2017,544.0,165373.0
Kings,2016,0.0,2248.0
Kings,2016-2018,489.0,165034.0
Kings,2017,12.0,2375.0
Kings,2017-2019,481.0,161592.0
Kings,2018,10.0,2257.0
Kings,2018-2020,459.0,158384.0
Kings,2019,0.0,2099.0
Kings,2019-2021,542.0,156131.0
Kings,2020,11.0,2235.0
Kings,2021,14.0,2162.0
Lake,2007,0.0,742.0
Lake,2007-2009,69.0,47722.0
Lake,2008,0.0,706.0
Lake,2008-2010,109.0,47265.0
Lake,2009,0.0,727.0
Lake,2009-2011,127.0,47498.0
Lake,2010,0.0,721.0
Lake,2010-2012,64.0,47797.0
Lake,2011,0.0,718.0
Lake,2011-2013,159.0,48679.0
Lake,2012,0.0,741.0
Lake,2012-2014,87.0,49347.0
Lake,2013,0.0,761.0
Lake,2013-2015,168.0,53133.0
Lake,2014,0.0,748.0
Lake,2014-2016,0.0,52884.0
Lake,2015,0.0,724.0
Lake,2015-2017,0.0,53001.0
Lake,2016,0.0,749.0
Lake,2016-2018,95.0,52884.0
Lake,2017,0.0,751.0
Lake,2017-2019,102.0,52585.0
Lake,2018,10.0,716.0
Lake,2018-2020,148.0,51513.0
Lake,2019,0.0,732.0
Lake,2019-2021,20.0,50253.0
Lake,2020,0.0,702.0
Lake,2021,0.0,661.0
Lassen,2007,0.0,264.0
Lassen,2007-2009,0.0,19651.0
Lassen,2008,0.0,323.0
Lassen,2008-2010,0.0,20881.0
Lassen,2009,0.0,325.0
Lassen,2009-2011,0.0,20541.0
Lassen,2010,0.0,322.0
Lassen,2010-2012,0.0,20075.0
Lassen,2011,0.0,300.0
Lassen,2011-2013,0.0,19580.0
Lassen,2012,0.0,298.0
Lassen,2012-2014,0.0,20129.0
Lassen,2013,0.0,294.0
Lassen,2013-2015,0.0,21470.0
Lassen,2014,0.0,326.0
Lassen,2014-2016,0.0,21731.0
Lassen,2015,0.0,294.0
Lassen,2015-2017,0.0,21158.0
Lassen,2016,0.0,306.0
Lassen,2016-2018,0.0,21452.0
Lassen,2017,0.0,301.0
Lassen,2017-2019,0.0,20863.0
Lassen,2018,0.0,310.0
Lassen,2018-2020,0.0,20179.0
Lassen,2019,0.0,284.0
Lassen,2019-2021,0.0,19709.0
Lassen,2020,0.0,275.0
Lassen,2021,0.0,292.0
Los Angeles,2007,852.0,151908.0
Los Angeles,2007-2009,41755.0,9600224.0
Los Angeles,2008,809.0,147824.0
Los Angeles,2008-2010,38387.0,9203732.0
Los Angeles,2009,705.0,139728.0
Los Angeles,2009-2011,35219.0,8831620.0
Los Angeles,2010,645.0,133227.0
Los Angeles,2010-2012,33409.0,8654082.0
Los Angeles,2011,619.0,130388.0
Los Angeles,2011-2013,31992.0,8551244.0
Los Angeles,2012,602.0,131725.0
Los Angeles,2012-2014,30826.0,8553840.0
Los Angeles,2013,563.0,128594.0
Los Angeles,2013-2015,32952.0,9156379.0
Los Angeles,2014,545.0,130167.0
Los Angeles,2014-2016,32451.0,9029986.0
Los Angeles,2015,536.0,124460.0
Los Angeles,2015-2017,30849.0,8719471.0
Los Angeles,2016,536.0,122950.0
Los Angeles,2016-2018,29151.0,8385225.0
Los Angeles,2017,462.0,116872.0
Los Angeles,2017-2019,26301.0,8012918.0
Los Angeles,2018,451.0,110186.0
Los Angeles,2018-2020,24615.0,7558062.0
Los Angeles,2019,395.0,107042.0
Los Angeles,2019-2021,23165.0,7215471.0
Los Angeles,2020,382.0,97792.0
Los Angeles,2021,381.0,95934.0
Madera,2007,0.0,2611.0
Madera,2007-2009,483.0,164557.0
Madera,2008,13.0,2535.0
Madera,2008-2010,621.0,160729.0
Madera,2009,13.0,2390.0
Madera,2009-2011,703.0,158179.0
Madera,2010,14.0,2435.0
Madera,2010-2012,648.0,155545.0
Madera,2011,17.0,2402.0
Madera,2011-2013,612.0,153168.0
Madera,2012,13.0,2259.0
Madera,2012-2014,467.0,151332.0
Madera,2013,11.0,2314.0
Madera,2013-2015,515.0,163932.0
Madera,2014,0.0,2314.0
Madera,2014-2016,551.0,165014.0
Madera,2015,14.0,2226.0
Madera,2015-2017,577.0,160467.0
Madera,2016,13.0,2356.0
Madera,2016-2018,468.0,157066.0
Madera,2017,0.0,2121.0
Madera,2017-2019,424.0,150123.0
Madera,2018,0.0,2075.0
Madera,2018-2020,448.0,149691.0
Madera,2019,12.0,2065.0
Madera,2019-2021,631.0,148747.0
Madera,2020,0.0,2109.0
Madera,2021,16.0,2045.0
Marin,2007,0.0,2822.0
Marin,2007-2009,334.0,176144.0
Marin,2008,0.0,2718.0
Marin,2008-2010,322.0,166928.0
Marin,2009,0.0,2495.0
Marin,2009-2011,252.0,159363.0
Marin,2010,0.0,2371.0
Marin,2010-2012,261.0,154787.0
Marin,2011,0.0,2387.0
Marin,2011-2013,319.0,153397.0
Marin,2012,0.0,2306.0
Marin,2012-2014,391.0,153564.0
Marin,2013,12.0,2321.0
Marin,2013-2015,284.0,166778.0
Marin,2014,0.0,2403.0
Marin,2014-2016,124.0,165376.0
Marin,2015,0.0,2288.0
Marin,2015-2017,0.0,161660.0
Marin,2016,0.0,2255.0
Marin,2016-2018,34.0,158034.0
Marin,2017,0.0,2238.0
Marin,2017-2019,0.0,154011.0
Marin,2018,0.0,2129.0
Marin,2018-2020,0.0,150193.0
Marin,2019,0.0,2085.0
Marin,2019-2021,0.0,155232.0
Marin,2020,0.0,2083.0
Marin,2021,0.0,2336.0
Mariposa,2007,0.0,141.0
Mariposa,2007-2009,0.0,9616.0
Mariposa,2008,0.0,148.0
Mariposa,2008-2010,0.0,9693.0
Mariposa,2009,0.0,155.0
Mariposa,2009-2011,0.0,9370.0
Mariposa,2010,0.0,145.0
Mariposa,2010-2012,0.0,9540.0
Mariposa,2011,0.0,132.0
Mariposa,2011-2013,0.0,9327.0
Mariposa,2012,0.0,161.0
Mariposa,2012-2014,0.0,9458.0
Mariposa,2013,0.0,134.0
Mariposa,2013-2015,0.0,10379.0
Mariposa,2014,0.0,138.0
Mariposa,2014-2016,0.0,10731.0
Mariposa,2015,0.0,166.0
Mariposa,2015-2017,0.0,10814.0
Mariposa,2016,0.0,148.0
Mariposa,2016-2018,0.0,10577.0
Mariposa,2017,0.0,141.0
Mariposa,2017-2019,0.0,10187.0
Mariposa,2018,0.0,156.0
Mariposa,2018-2020,0.0,9808.0
Mariposa,2019,0.0,132.0
Mariposa,2019-2021,0.0,10117.0
Mariposa,2020,0.0,125.0
Mariposa,2021,0.0,169.0
Mendocino,2007,0.0,1146.0
Mendocino,2007-2009,298.0,74720.0
Mendocino,2008,0.0,1171.0
Mendocino,2008-2010,300.0,72987.0
Mendocino,2009,11.0,1100.0
Mendocino,2009-2011,265.0,70711.0
Mendocino,2010,0.0,1062.0
Mendocino,2010-2012,174.0,71891.0
Mendocino,2011,0.0,1065.0
Mendocino,2011-2013,126.0,70997.0
Mendocino,2012,0.0,1153.0
Mendocino,2012-2014,282.0,70015.0
Mendocino,2013,0.0,1021.0
Mendocino,2013-2015,308.0,73560.0
Mendocino,2014,14.0,1020.0
Mendocino,2014-2016,473.0,73688.0
Mendocino,2015,0.0,1053.0
Mendocino,2015-2017,263.0,73041.0
Mendocino,2016,10.0,1026.0
Mendocino,2016-2018,251.0,69492.0
Mendocino,2017,0.0,992.0
Mendocino,2017-2019,74.0,67251.0
Mendocino,2018,0.0,901.0
Mendocino,2018-2020,76.0,64690.0
Mendocino,2019,0.0,926.0
Mendocino,2019-2021,58.0,64951.0
Mendocino,2020,0.0,882.0
Mendocino,2021,0.0,909.0
Merced,2007,31.0,4650.0
Merced,2007-2009,1494.0,293022.0
Merced,2008,33.0,4423.0
Merced,2008-2010,1316.0,284916.0
Merced,2009,22.0,4408.0
Merced,2009-2011,1131.0,282792.0
Merced,2010,22.0,4248.0
Merced,2010-2012,1212.0,281447.0
Merced,2011,24.0,4281.0
Merced,2011-2013,1105.0,280063.0
Merced,2012,25.0,4311.0
Merced,2012-2014,842.0,277597.0
Merced,2013,15.0,4161.0
Merced,2013-2015,885.0,297337.0
Merced,2014,11.0,4159.0
Merced,2014-2016,878.0,296289.0
Merced,2015,22.0,4105.0
Merced,2015-2017,1035.0,297350.0
Merced,2016,16.0,4117.0
Merced,2016-2018,862.0,291654.0
Merced,2017,18.0,4202.0
Merced,2017-2019,938.0,285259.0
Merced,2018,14.0,3872.0
Merced,2018-2020,870.0,274299.0
Merced,2019,19.0,3852.0
Merced,2019-2021,888.0,274291.0
Merced,2020,17.0,3771.0
Merced,2021,14.0,3904.0
Modoc,2007,0.0,80.0
Modoc,2007-2009,0.0,5391.0
Modoc,2008,0.0,92.0
Modoc,2008-2010,0.0,6366.0
Modoc,2009,0.0,85.0
Modoc,2009-2011,0.0,6362.0
Modoc,2010,0.0,119.0
Modoc,2010-2012,0.0,6196.0
Modoc,2011,0.0,87.0
Modoc,2011-2013,0.0,4964.0
Modoc,2012,0.0,76.0
Modoc,2012-2014,0.0,5010.0
Modoc,2013,0.0,63.0
Modoc,2013-2015,0.0,5172.0
Modoc,2014,0.0,90.0
Modoc,2014-2016,0.0,5940.0
Modoc,2015,0.0,80.0
Modoc,2015-2017,0.0,5927.0
Modoc,2016,0.0,97.0
Modoc,2016-2018,0.0,6444.0
Modoc,2017,0.0,88.0
Modoc,2017-2019,0.0,6195.0
Modoc,2018,0.0,105.0
Modoc,2018-2020,0.0,5885.0
Modoc,2019,0.0,89.0
Modoc,2019-2021,0.0,5334.0
Modoc,2020,0.0,77.0
Modoc,2021,0.0,83.0
Mono,2007,0.0,162.0
Mono,2007-2009,0.0,10370.0
Mono,2008,0.0,175.0
Mono,2008-2010,0.0,10156.0
Mono,2009,0.0,139.0
Mono,2009-2011,0.0,9764.0
Mono,2010,0.0,151.0
Mono,2010-2012,0.0,9603.0
Mono,2011,0.0,156.0
Mono,2011-2013,0.0,9609.0
Mono,2012,0.0,131.0
Mono,2012-2014,0.0,9468.0
Mono,2013,0.0,150.0
Mono,2013-2015,0.0,10667.0
Mono,2014,0.0,149.0
Mono,2014-2016,0.0,10244.0
Mono,2015,0.0,152.0
Mono,2015-2017,0.0,10203.0
Mono,2016,0.0,131.0
Mono,2016-2018,0.0,9689.0
Mono,2017,0.0,147.0
Mono,2017-2019,0.0,9564.0
Mono,2018,0.0,132.0
Mono,2018-2020,0.0,8982.0
Mono,2019,0.0,128.0
Mono,2019-2021,0.0,8855.0
Mono,2020,0.0,124.0
Mono,2021,0.0,127.0
Monterey,2007,31.0,7551.0
Monterey,2007-2009,1806.0,484304.0
Monterey,2008,40.0,7436.0
Monterey,2008-2010,1798.0,466741.0
Monterey,2009,33.0,7069.0
Monterey,2009-2011,1669.0,452562.0
Monterey,2010,30.0,6764.0
Monterey,2010-2012,1776.0,442995.0
Monterey,2011,32.0,6816.0
Monterey,2011-2013,1697.0,439232.0
Monterey,2012,38.0,6653.0
Monterey,2012-2014,1735.0,432707.0
Monterey,2013,26.0,6547.0
Monterey,2013-2015,1995.0,465617.0
Monterey,2014,35.0,6460.0
Monterey,2014-2016,1982.0,457905.0
Monterey,2015,41.0,6426.0
Monterey,2015-2017,1753.0,442447.0
Monterey,2016,26.0,6222.0
Monterey,2016-2018,1450.0,429720.0
Monterey,2017,23.0,5814.0
Monterey,2017-2019,1524.0,421820.0
Monterey,2018,27.0,5890.0
Monterey,2018-2020,1433.0,417043.0
Monterey,2019,29.0,5883.0
Monterey,2019-2021,1636.0,406359.0
Monterey,2020,20.0,5605.0
Monterey,2021,36.0,5433.0
Napa,2007,0.0,1666.0
Napa,2007-2009,337.0,109307.0
Napa,2008,0.0,1671.0
Napa,2008-2010,385.0,106354.0
Napa,2009,13.0,1653.0
Napa,2009-2011,291.0,104228.0
Napa,2010,0.0,1525.0
Napa,2010-2012,135.0,99345.0
Napa,2011,0.0,1572.0
Napa,2011-2013,175.0,97716.0
Napa,2012,0.0,1431.0
Napa,2012-2014,196.0,95724.0
Napa,2013,0.0,1449.0
Napa,2013-2015,145.0,104877.0
Napa,2014,0.0,1478.0
Napa,2014-2016,181.0,103928.0
Napa,2015,0.0,1456.0
Napa,2015-2017,191.0,99480.0
Napa,2016,0.0,1408.0
Napa,2016-2018,169.0,93480.0
Napa,2017,0.0,1291.0
Napa,2017-2019,30.0,90798.0
Napa,2018,0.0,1202.0
Napa,2018-2020,0.0,88700.0
Napa,2019,0.0,1293.0
Napa,2019-2021,30.0,88807.0
Napa,2020,0.0,1202.0
Napa,2021,0.0,1205.0
Nevada,2007,0.0,844.0
Nevada,2007-2009,0.0,54474.0
Nevada,2008,0.0,873.0
Nevada,2008-2010,0.0,53358.0
Nevada,2009,0.0,760.0
Nevada,2009-2011,70.0,50912.0
Nevada,2010,0.0,793.0
Nevada,2010-2012,43.0,52005.0
Nevada,2011,0.0,761.0
Nevada,2011-2013,43.0,52541.0
Nevada,2012,0.0,810.0
Nevada,2012-2014,0.0,53771.0
Nevada,2013,0.0,816.0
Nevada,2013-2015,0.0,59988.0
Nevada,2014,0.0,817.0
Nevada,2014-2016,0.0,59130.0
Nevada,2015,0.0,876.0
Nevada,2015-2017,0.0,58624.0
Nevada,2016,0.0,783.0
Nevada,2016-2018,0.0,56011.0
Nevada,2017,0.0,797.0
Nevada,2017-2019,30.0,56708.0
Nevada,2018,0.0,771.0
Nevada,2018-2020,58.0,56212.0
Nevada,2019,0.0,812.0
Nevada,2019-2021,164.0,57143.0
Nevada,2020,0.0,776.0
Nevada,2021,0.0,809.0
Orange,2007,222.0,44032.0
Orange,2007-2009,10308.0,2790308.0
Orange,2008,191.0,42465.0
Orange,2008-2010,8913.0,2662832.0
Orange,2009,152.0,40435.0
Orange,2009-2011,8545.0,2567717.0
Orange,2010,145.0,38244.0
Orange,2010-2012,7918.0,2518471.0
Orange,2011,172.0,38107.0
Orange,2011-2013,7604.0,2495671.0
Orange,2012,115.0,38188.0
Orange,2012-2014,6870.0,2503925.0
Orange,2013,127.0,37270.0
Orange,2013-2015,7469.0,2711175.0
Orange,2014,132.0,38612.0
Orange,2014-2016,7227.0,2730316.0
Orange,2015,109.0,37623.0
Orange,2015-2017,6913.0,2703073.0
Orange,2016,115.0,38123.0
Orange,2016-2018,6883.0,2657655.0
Orange,2017,120.0,37398.0
Orange,2017-2019,6766.0,2582730.0
Orange,2018,109.0,35649.0
Orange,2018-2020,5935.0,2427654.0
Orange,2019,111.0,34920.0
Orange,2019-2021,6090.0,2308069.0
Orange,2020,78.0,30925.0
Orange,2021,117.0,30716.0
Placer,2007,24.0,4053.0
Placer,2007-2009,933.0,261988.0
Placer,2008,16.0,4035.0
Placer,2008-2010,730.0,257101.0
Placer,2009,16.0,3804.0
Placer,2009-2011,803.0,252719.0
Placer,2010,13.0,3825.0
Placer,2010-2012,756.0,249268.0
Placer,2011,20.0,3834.0
Placer,2011-2013,872.0,246198.0
Placer,2012,16.0,3650.0
Placer,2012-2014,777.0,241959.0
Placer,2013,19.0,3686.0
Placer,2013-2015,972.0,265656.0
Placer,2014,15.0,3644.0
Placer,2014-2016,792.0,266712.0
Placer,2015,19.0,3748.0
Placer,2015-2017,539.0,267846.0
Placer,2016,0.0,3733.0
Placer,2016-2018,354.0,265678.0
Placer,2017,0.0,3692.0
Placer,2017-2019,464.0,264137.0
Placer,2018,10.0,3658.0
Placer,2018-2020,535.0,259144.0
Placer,2019,14.0,3660.0
Placer,2019-2021,443.0,263878.0
Placer,2020,0.0,3480.0
Placer,2021,0.0,3856.0
Plumas,2007,0.0,186.0
Plumas,2007-2009,0.0,10947.0
Plumas,2008,0.0,175.0
Plumas,2008-2010,0.0,10633.0
Plumas,2009,0.0,154.0
Plumas,2009-2011,0.0,10551.0
Plumas,2010,0.0,170.0
Plumas,2010-2012,0.0,10576.0
Plumas,2011,0.0,165.0
Plumas,2011-2013,0.0,10222.0
Plumas,2012,0.0,151.0
Plumas,2012-2014,0.0,9825.0
Plumas,2013,0.0,152.0
Plumas,2013-2015,0.0,10814.0
Plumas,2014,0.0,147.0
Plumas,2014-2016,0.0,11237.0
Plumas,2015,0.0,163.0
Plumas,2015-2017,0.0,11860.0
Plumas,2016,0.0,169.0
Plumas,2016-2018,0.0,11878.0
Plumas,2017,0.0,173.0
Plumas,2017-2019,0.0,11734.0
Plumas,2018,0.0,164.0
Plumas,2018-2020,0.0,11446.0
Plumas,2019,0.0,162.0
Plumas,2019-2021,0.0,11444.0
Plumas,2020,0.0,161.0
Plumas,2021,0.0,166.0
Riverside,2007,183.0,34560.0
Riverside,2007-2009,9719.0,2156982.0
Riverside,2008,189.0,32880.0
Riverside,2008-2010,9446.0,2077460.0
Riverside,2009,169.0,31610.0
Riverside,2009-2011,8512.0,2035370.0
Riverside,2010,165.0,30665.0
Riverside,2010-2012,8303.0,2011859.0
Riverside,2011,135.0,30624.0
Riverside,2011-2013,8090.0,2000148.0
Riverside,2012,154.0,30320.0
Riverside,2012-2014,8195.0,1993665.0
Riverside,2013,152.0,29941.0
Riverside,2013-2015,8409.0,2174947.0
Riverside,2014,139.0,30275.0
Riverside,2014-2016,8404.0,2192217.0
Riverside,2015,124.0,30516.0
Riverside,2015-2017,8320.0,2182932.0
Riverside,2016,152.0,30686.0
Riverside,2016-2018,8523.0,2139435.0
Riverside,2017,135.0,29882.0
Riverside,2017-2019,8010.0,2082421.0
Riverside,2018,138.0,28686.0
Riverside,2018-2020,7117.0,2015575.0
Riverside,2019,128.0,28264.0
Riverside,2019-2021,7242.0,1987821.0
Riverside,2020,91.0,27149.0
Riverside,2021,141.0,27593.0
Sacramento,2007,125.0,22114.0
Sacramento,2007-2009,6633.0,1401023.0
Sacramento,2008,125.0,21400.0
Sacramento,2008-2010,6323.0,1355001.0
Sacramento,2009,121.0,20431.0
Sacramento,2009-2011,5922.0,1323799.0
Sacramento,2010,109.0,20059.0
Sacramento,2010-2012,5796.0,1305051.0
Sacramento,2011,99.0,20003.0
Sacramento,2011-2013,5512.0,1291153.0
Sacramento,2012,115.0,19623.0
Sacramento,2012-2014,5734.0,1289650.0
Sacramento,2013,94.0,19371.0
Sacramento,2013-2015,6018.0,1401715.0
Sacramento,2014,111.0,19888.0
Sacramento,2014-2016,6050.0,1407362.0
Sacramento,2015,99.0,19436.0
Sacramento,2015-2017,5661.0,1391637.0
Sacramento,2016,94.0,19594.0
Sacramento,2016-2018,5738.0,1383912.0
Sacramento,2017,91.0,19206.0
Sacramento,2017-2019,5873.0,1370488.0
Sacramento,2018,101.0,19064.0
Sacramento,2018-2020,5906.0,1341522.0
Sacramento,2019,100.0,18991.0
Sacramento,2019-2021,5899.0,1324226.0
Sacramento,2020,92.0,18003.0
Sacramento,2021,100.0,18368.0
San Benito,2007,0.0,882.0
San Benito,2007-2009,22.0,53664.0
San Benito,2008,0.0,816.0
San Benito,2008-2010,32.0,50625.0
San Benito,2009,0.0,752.0
San Benito,2009-2011,48.0,49696.0
San Benito,2010,0.0,735.0
San Benito,2010-2012,34.0,48606.0
San Benito,2011,0.0,772.0
San Benito,2011-2013,33.0,48974.0
San Benito,2012,0.0,701.0
San Benito,2012-2014,0.0,47309.0
San Benito,2013,0.0,752.0
San Benito,2013-2015,0.0,51938.0
San Benito,2014,0.0,697.0
San Benito,2014-2016,0.0,52399.0
San Benito,2015,0.0,720.0
San Benito,2015-2017,0.0,53205.0
San Benito,2016,0.0,777.0
San Benito,2016-2018,0.0,54336.0
San Benito,2017,0.0,736.0
San Benito,2017-2019,0.0,54577.0
San Benito,2018,0.0,775.0
San Benito,2018-2020,0.0,54203.0
San Benito,2019,0.0,791.0
San Benito,2019-2021,30.0,55629.0
San Benito,2020,0.0,725.0
San Benito,2021,0.0,836.0
San Bernardino,2007,195.0,35198.0
San Bernardino,2007-2009,12264.0,2222933.0
San Bernardino,2008,222.0,33796.0
San Bernardino,2008-2010,12050.0,2139521.0
San Bernardino,2009,244.0,31988.0
San Bernardino,2009-2011,11265.0,2068817.0
San Bernardino,2010,184.0,31369.0
San Bernardino,2010-2012,10291.0,2040338.0
San Bernardino,2011,181.0,30580.0
San Bernardino,2011-2013,10514.0,2014578.0
San Bernardino,2012,193.0,30695.0
San Bernardino,2012-2014,11030.0,2030426.0
San Bernardino,2013,198.0,30211.0
San Bernardino,2013-2015,11932.0,2207967.0
San Bernardino,2014,205.0,31307.0
San Bernardino,2014-2016,11692.0,2229500.0
San Bernardino,2015,182.0,30623.0
San Bernardino,2015-2017,10889.0,2191317.0
San Bernardino,2016,186.0,31118.0
San Bernardino,2016-2018,10405.0,2150371.0
San Bernardino,2017,170.0,29711.0
San Bernardino,2017-2019,9842.0,2092120.0
San Bernardino,2018,160.0,28961.0
San Bernardino,2018-2020,9517.0,2019492.0
San Bernardino,2019,160.0,28696.0
San Bernardino,2019-2021,9408.0,1965018.0
San Bernardino,2020,157.0,26780.0
San Bernardino,2021,155.0,26807.0
San Diego,2007,244.0,47566.0
San Diego,2007-2009,12137.0,3058423.0
San Diego,2008,231.0,46765.0
San Diego,2008-2010,11290.0,3002849.0
San Diego,2009,198.0,44972.0
San Diego,2009-2011,10658.0,2936765.0
San Diego,2010,195.0,44858.0
San Diego,2010-2012,10085.0,2925804.0
San Diego,2011,193.0,43632.0
San Diego,2011-2013,10135.0,2898926.0
San Diego,2012,169.0,44401.0
San Diego,2012-2014,9877.0,2917079.0
San Diego,2013,197.0,43641.0
San Diego,2013-2015,10718.0,3159305.0
San Diego,2014,176.0,44598.0
San Diego,2014-2016,10199.0,3136341.0
San Diego,2015,161.0,43970.0
San Diego,2015-2017,9701.0,3057889.0
San Diego,2016,172.0,42746.0
San Diego,2016-2018,9993.0,2962947.0
San Diego,2017,154.0,41255.0
San Diego,2017-2019,9269.0,2865877.0
San Diego,2018,174.0,40001.0
San Diego,2018-2020,8569.0,2770792.0
San Diego,2019,136.0,38661.0
San Diego,2019-2021,7155.0,2712125.0
San Diego,2020,119.0,37270.0
San Diego,2021,105.0,37570.0
San Francisco,2007,37.0,9129.0
San Francisco,2007-2009,2052.0,595894.0
San Francisco,2008,51.0,9107.0
San Francisco,2008-2010,1866.0,588204.0
San Francisco,2009,29.0,8807.0
San Francisco,2009-2011,1396.0,580919.0
San Francisco,2010,27.0,8801.0
San Francisco,2010-2012,1444.0,585611.0
San Francisco,2011,26.0,8814.0
San Francisco,2011-2013,1538.0,585169.0
San Francisco,2012,30.0,9071.0
San Francisco,2012-2014,1525.0,591890.0
San Francisco,2013,32.0,8811.0
San Francisco,2013-2015,1683.0,643776.0
San Francisco,2014,27.0,9103.0
San Francisco,2014-2016,1398.0,650465.0
San Francisco,2015,30.0,8972.0
San Francisco,2015-2017,1406.0,646810.0
San Francisco,2016,18.0,9062.0
San Francisco,2016-2018,1279.0,640016.0
San Francisco,2017,28.0,8950.0
San Francisco,2017-2019,1387.0,624071.0
San Francisco,2018,25.0,8694.0
San Francisco,2018-2020,1219.0,600387.0
San Francisco,2019,23.0,8397.0
San Francisco,2019-2021,1092.0,570899.0
San Francisco,2020,21.0,7983.0
San Francisco,2021,18.0,7481.0
San Joaquin,2007,62.0,11592.0
San Joaquin,2007-2009,3671.0,736034.0
San Joaquin,2008,82.0,11033.0
San Joaquin,2008-2010,3748.0,713819.0
San Joaquin,2009,59.0,10871.0
San Joaquin,2009-2011,3475.0,698439.0
San Joaquin,2010,66.0,10593.0
San Joaquin,2010-2012,3313.0,682830.0
San Joaquin,2011,67.0,10329.0
San Joaquin,2011-2013,3410.0,666086.0
San Joaquin,2012,51.0,10129.0
San Joaquin,2012-2014,3325.0,660984.0
San Joaquin,2013,72.0,9800.0
San Joaquin,2013-2015,3843.0,716224.0
San Joaquin,2014,61.0,10094.0
San Joaquin,2014-2016,3220.0,726659.0
San Joaquin,2015,58.0,9987.0
San Joaquin,2015-2017,3099.0,722307.0
San Joaquin,2016,44.0,10270.0
San Joaquin,2016-2018,3146.0,717092.0
San Joaquin,2017,55.0,9930.0
San Joaquin,2017-2019,3627.0,712341.0
San Joaquin,2018,63.0,9814.0
San Joaquin,2018-2020,3413.0,707161.0
San Joaquin,2019,66.0,10077.0
San Joaquin,2019-2021,3133.0,705476.0
San Joaquin,2020,44.0,9740.0
San Joaquin,2021,50.0,9766.0
San Luis Obispo,2007,0.0,2884.0
San Luis Obispo,2007-2009,350.0,179294.0
San Luis Obispo,2008,11.0,2738.0
San Luis Obispo,2008-2010,602.0,176946.0
San Luis Obispo,2009,11.0,2615.0
San Luis Obispo,2009-2011,665.0,175082.0
San Luis Obispo,2010,17.0,2736.0
San Luis Obispo,2010-2012,832.0,174593.0
San Luis Obispo,2011,14.0,2632.0
San Luis Obispo,2011-2013,765.0,172731.0
San Luis Obispo,2012,20.0,2581.0
San Luis Obispo,2012-2014,794.0,171799.0
San Luis Obispo,2013,14.0,2650.0
San Luis Obispo,2013-2015,676.0,189055.0
San Luis Obispo,2014,15.0,2595.0
San Luis Obispo,2014-2016,639.0,187559.0
San Luis Obispo,2015,10.0,2668.0
San Luis Obispo,2015-2017,580.0,186523.0
San Luis Obispo,2016,13.0,2582.0
San Luis Obispo,2016-2018,431.0,180958.0
San Luis Obispo,2017,12.0,2551.0
San Luis Obispo,2017-2019,411.0,178333.0
San Luis Obispo,2018,0.0,2433.0
San Luis Obispo,2018-2020,352.0,173714.0
San Luis Obispo,2019,12.0,2467.0
San Luis Obispo,2019-2021,368.0,173973.0
San Luis Obispo,2020,0.0,2355.0
San Luis Obispo,2021,0.0,2450.0
San Mateo,2007,47.0,9912.0
San Mateo,2007-2009,1891.0,638073.0
San Mateo,2008,34.0,9769.0
San Mateo,2008-2010,1493.0,622175.0
San Mateo,2009,28.0,9452.0
San Mateo,2009-2011,1362.0,605194.0
San Mateo,2010,25.0,9194.0
San Mateo,2010-2012,1259.0,597933.0
San Mateo,2011,26.0,9050.0
San Mateo,2011-2013,1055.0,590262.0
San Mateo,2012,22.0,9182.0
San Mateo,2012-2014,1080.0,592738.0
San Mateo,2013,14.0,8821.0
San Mateo,2013-2015,1351.0,644596.0
San Mateo,2014,27.0,9098.0
San Mateo,2014-2016,1583.0,648522.0
San Mateo,2015,30.0,9042.0
San Mateo,2015-2017,1588.0,636419.0
San Mateo,2016,26.0,8962.0
San Mateo,2016-2018,1481.0,619426.0
San Mateo,2017,28.0,8587.0
San Mateo,2017-2019,1527.0,602342.0
San Mateo,2018,25.0,8327.0
San Mateo,2018-2020,1421.0,582251.0
San Mateo,2019,27.0,8253.0
San Mateo,2019-2021,1272.0,562065.0
San Mateo,2020,23.0,7757.0
San Mateo,2021,18.0,7487.0
Santa Barbara,2007,25.0,6290.0
Santa Barbara,2007-2009,1533.0,407682.0
Santa Barbara,2008,37.0,6320.0
Santa Barbara,2008-2010,1596.0,398883.0
Santa Barbara,2009,28.0,6040.0
Santa Barbara,2009-2011,1399.0,388826.0
Santa Barbara,2010,27.0,5820.0
Santa Barbara,2010-2012,1169.0,379201.0
Santa Barbara,2011,25.0,5806.0
Santa Barbara,2011-2013,948.0,377953.0
Santa Barbara,2012,16.0,5584.0
Santa Barbara,2012-2014,995.0,378591.0
Santa Barbara,2013,17.0,5756.0
Santa Barbara,2013-2015,1294.0,413917.0
Santa Barbara,2014,27.0,5830.0
Santa Barbara,2014-2016,1511.0,407844.0
Santa Barbara,2015,25.0,5674.0
Santa Barbara,2015-2017,1549.0,400892.0
Santa Barbara,2016,27.0,5501.0
Santa Barbara,2016-2018,1447.0,391072.0
Santa Barbara,2017,29.0,5533.0
Santa Barbara,2017-2019,1428.0,391714.0
Santa Barbara,2018,20.0,5259.0
Santa Barbara,2018-2020,1272.0,387255.0
Santa Barbara,2019,26.0,5516.0
Santa Barbara,2019-2021,1362.0,392897.0
Santa Barbara,2020,20.0,5337.0
Santa Barbara,2021,25.0,5489.0
Santa Clara,2007,115.0,27484.0
Santa Clara,2007-2009,5423.0,1742659.0
Santa Clara,2008,83.0,26732.0
Santa Clara,2008-2010,4683.0,1667920.0
Santa Clara,2009,102.0,25204.0
Santa Clara,2009-2011,4413.0,1600017.0
Santa Clara,2010,72.0,23937.0
Santa Clara,2010-2012,4123.0,1580521.0
Santa Clara,2011,68.0,23654.0
Santa Clara,2011-2013,4321.0,1566417.0
Santa Clara,2012,84.0,24308.0
Santa Clara,2012-2014,4371.0,1568798.0
Santa Clara,2013,84.0,23299.0
Santa Clara,2013-2015,4516.0,1686826.0
Santa Clara,2014,73.0,23761.0
Santa Clara,2014-2016,4627.0,1680181.0
Santa Clara,2015,69.0,23395.0
Santa Clara,2015-2017,4532.0,1640232.0
Santa Clara,2016,91.0,23046.0
Santa Clara,2016-2018,4526.0,1589055.0
Santa Clara,2017,69.0,22139.0
Santa Clara,2017-2019,3603.0,1541233.0
Santa Clara,2018,69.0,21272.0
Santa Clara,2018-2020,3243.0,1478851.0
Santa Clara,2019,46.0,21106.0
Santa Clara,2019-2021,2814.0,1426702.0
Santa Clara,2020,53.0,19512.0
Santa Clara,2021,50.0,19111.0
Santa Cruz,2007,18.0,3573.0
Santa Cruz,2007-2009,548.0,227797.0
Santa Cruz,2008,12.0,3543.0
Santa Cruz,2008-2010,411.0,219696.0
Santa Cruz,2009,0.0,3301.0
Santa Cruz,2009-2011,444.0,213237.0
Santa Cruz,2010,0.0,3190.0
Santa Cruz,2010-2012,595.0,208484.0
Santa Cruz,2011,13.0,3232.0
Santa Cruz,2011-2013,683.0,201346.0
Santa Cruz,2012,17.0,3084.0
Santa Cruz,2012-2014,691.0,197136.0
Santa Cruz,2013,12.0,2867.0
Santa Cruz,2013-2015,577.0,208556.0
Santa Cruz,2014,15.0,3047.0
Santa Cruz,2014-2016,592.0,207017.0
Santa Cruz,2015,10.0,2842.0
Santa Cruz,2015-2017,459.0,198028.0
Santa Cruz,2016,12.0,2803.0
Santa Cruz,2016-2018,462.0,188672.0
Santa Cruz,2017,0.0,2661.0
Santa Cruz,2017-2019,430.0,179296.0
Santa Cruz,2018,10.0,2446.0
Santa Cruz,2018-2020,402.0,167827.0
Santa Cruz,2019,10.0,2399.0
Santa Cruz,2019-2021,319.0,162961.0
Santa Cruz,2020,0.0,2182.0
Santa Cruz,2021,0.0,2247.0
Shasta,2007,17.0,2231.0
Shasta,2007-2009,541.0,142097.0
Shasta,2008,0.0,2188.0
Shasta,2008-2010,471.0,140170.0
Shasta,2009,10.0,2068.0
Shasta,2009-2011,560.0,136834.0
Shasta,2010,13.0,2136.0
Shasta,2010-2012,537.0,137806.0
Shasta,2011,16.0,2025.0
Shasta,2011-2013,508.0,137696.0
Shasta,2012,10.0,2110.0
Shasta,2012-2014,389.0,138822.0
Shasta,2013,11.0,2142.0
Shasta,2013-2015,367.0,150105.0
Shasta,2014,0.0,2084.0
Shasta,2014-2016,392.0,147903.0
Shasta,2015,0.0,2074.0
Shasta,2015-2017,464.0,146225.0
Shasta,2016,11.0,2048.0
Shasta,2016-2018,573.0,143868.0
Shasta,2017,13.0,2009.0
Shasta,2017-2019,760.0,140089.0
Shasta,2018,12.0,1959.0
Shasta,2018-2020,680.0,135989.0
Shasta,2019,18.0,1877.0
Shasta,2019-2021,615.0,132967.0
Shasta,2020,11.0,1839.0
Shasta,2021,0.0,1838.0
Sierra,2007,0.0,24.0
Sierra,2007-2009,0.0,1455.0
Sierra,2008,0.0,22.0
Sierra,2008-2010,0.0,1436.0
Sierra,2009,0.0,21.0
Sierra,2009-2011,0.0,1461.0
Sierra,2010,0.0,23.0
Sierra,2010-2012,0.0,1408.0
Sierra,2011,0.0,23.0
Sierra,2011-2013,0.0,1222.0
Sierra,2012,0.0,19.0
Sierra,2012-2014,0.0,1175.0
Sierra,2013,0.0,14.0
Sierra,2013-2015,0.0,1554.0
Sierra,2014,0.0,21.0
Sierra,2014-2016,0.0,1975.0
Sierra,2015,0.0,31.0
Sierra,2015-2017,0.0,2238.0
Sierra,2016,0.0,32.0
Sierra,2016-2018,0.0,2027.0
Sierra,2017,0.0,32.0
Sierra,2017-2019,0.0,1831.0
Sierra,2018,0.0,22.0
Sierra,2018-2020,0.0,1661.0
Sierra,2019,0.0,24.0
Sierra,2019-2021,0.0,1713.0
Sierra,2020,0.0,25.0
Sierra,2021,0.0,24.0
Siskiyou,2007,0.0,512.0
Siskiyou,2007-2009,0.0,32197.0
Siskiyou,2008,0.0,499.0
Siskiyou,2008-2010,67.0,30795.0
Siskiyou,2009,0.0,477.0
Siskiyou,2009-2011,20.0,30470.0
Siskiyou,2010,0.0,434.0
Siskiyou,2010-2012,0.0,31002.0
Siskiyou,2011,0.0,472.0
Siskiyou,2011-2013,0.0,31241.0
Siskiyou,2012,0.0,501.0
Siskiyou,2012-2014,0.0,30743.0
Siskiyou,2013,0.0,445.0
Siskiyou,2013-2015,30.0,31987.0
Siskiyou,2014,0.0,451.0
Siskiyou,2014-2016,0.0,32349.0
Siskiyou,2015,0.0,466.0
Siskiyou,2015-2017,0.0,32236.0
Siskiyou,2016,0.0,462.0
Siskiyou,2016-2018,0.0,31398.0
Siskiyou,2017,0.0,447.0
Siskiyou,2017-2019,66.0,30668.0
Siskiyou,2018,0.0,436.0
Siskiyou,2018-2020,159.0,29370.0
Siskiyou,2019,0.0,434.0
Siskiyou,2019-2021,81.0,28634.0
Siskiyou,2020,0.0,391.0
Siskiyou,2021,0.0,405.0
Solano,2007,39.0,5847.0
Solano,2007-2009,1895.0,370630.0
Solano,2008,37.0,5608.0
Solano,2008-2010,1749.0,352968.0
Solano,2009,31.0,5392.0
Solano,2009-2011,1467.0,342853.0
Solano,2010,32.0,5048.0
Solano,2010-2012,1436.0,335627.0
Solano,2011,23.0,5158.0
Solano,2011-2013,1312.0,340591.0
Solano,2012,30.0,5062.0
Solano,2012-2014,1566.0,343096.0
Solano,2013,24.0,5255.0
Solano,2013-2015,1661.0,375234.0
Solano,2014,36.0,5252.0
Solano,2014-2016,1728.0,375221.0
Solano,2015,25.0,5132.0
Solano,2015-2017,1570.0,372214.0
Solano,2016,28.0,5262.0
Solano,2016-2018,1553.0,369662.0
Solano,2017,30.0,5134.0
Solano,2017-2019,1393.0,364139.0
Solano,2018,23.0,5029.0
Solano,2018-2020,1177.0,359535.0
Solano,2019,21.0,5058.0
Solano,2019-2021,1092.0,357940.0
Solano,2020,20.0,4950.0
Solano,2021,20.0,4968.0
Sonoma,2007,24.0,5742.0
Sonoma,2007-2009,1062.0,372826.0
Sonoma,2008,20.0,5762.0
Sonoma,2008-2010,1266.0,364853.0
Sonoma,2009,19.0,5686.0
Sonoma,2009-2011,1312.0,352307.0
Sonoma,2010,36.0,5392.0
Sonoma,2010-2012,1266.0,342054.0
Sonoma,2011,22.0,5153.0
Sonoma,2011-2013,926.0,334399.0
Sonoma,2012,15.0,5144.0
Sonoma,2012-2014,707.0,333455.0
Sonoma,2013,18.0,4986.0
Sonoma,2013-2015,816.0,359580.0
Sonoma,2014,11.0,5076.0
Sonoma,2014-2016,778.0,358924.0
Sonoma,2015,18.0,5018.0
Sonoma,2015-2017,834.0,348361.0
Sonoma,2016,16.0,4964.0
Sonoma,2016-2018,755.0,336428.0
Sonoma,2017,14.0,4645.0
Sonoma,2017-2019,765.0,322880.0
Sonoma,2018,14.0,4521.0
Sonoma,2018-2020,637.0,315437.0
Sonoma,2019,15.0,4378.0
Sonoma,2019-2021,663.0,316900.0
Sonoma,2020,0.0,4304.0
Sonoma,2021,15.0,4555.0
Stanislaus,2007,59.0,8826.0
Stanislaus,2007-2009,2749.0,556160.0
Stanislaus,2008,47.0,8550.0
Stanislaus,2008-2010,2386.0,534683.0
Stanislaus,2009,45.0,7943.0
Stanislaus,2009-2011,2242.0,516830.0
Stanislaus,2010,41.0,7804.0
Stanislaus,2010-2012,2598.0,508830.0
Stanislaus,2011,39.0,7739.0
Stanislaus,2011-2013,2662.0,503773.0
Stanislaus,2012,64.0,7593.0
Stanislaus,2012-2014,2587.0,498596.0
Stanislaus,2013,44.0,7582.0
Stanislaus,2013-2015,2412.0,544064.0
Stanislaus,2014,35.0,7521.0
Stanislaus,2014-2016,2299.0,548930.0
Stanislaus,2015,44.0,7701.0
Stanislaus,2015-2017,2141.0,545478.0
Stanislaus,2016,39.0,7868.0
Stanislaus,2016-2018,1889.0,536490.0
Stanislaus,2017,29.0,7445.0
Stanislaus,2017-2019,1822.0,523145.0
Stanislaus,2018,32.0,7340.0
Stanislaus,2018-2020,1945.0,512982.0
Stanislaus,2019,36.0,7295.0
Stanislaus,2019-2021,2204.0,512074.0
Stanislaus,2020,35.0,7050.0
Stanislaus,2021,43.0,7251.0
Sutter,2007,0.0,1497.0
Sutter,2007-2009,251.0,96998.0
Sutter,2008,10.0,1468.0
Sutter,2008-2010,296.0,93951.0
Sutter,2009,0.0,1433.0
Sutter,2009-2011,177.0,90840.0
Sutter,2010,10.0,1360.0
Sutter,2010-2012,259.0,87017.0
Sutter,2011,0.0,1326.0
Sutter,2011-2013,120.0,85380.0
Sutter,2012,10.0,1259.0
Sutter,2012-2014,121.0,85200.0
Sutter,2013,0.0,1285.0
Sutter,2013-2015,225.0,93787.0
Sutter,2014,0.0,1318.0
Sutter,2014-2016,308.0,95767.0
Sutter,2015,12.0,1302.0
Sutter,2015-2017,341.0,94443.0
Sutter,2016,0.0,1368.0
Sutter,2016-2018,237.0,93630.0
Sutter,2017,0.0,1263.0
Sutter,2017-2019,335.0,90783.0
Sutter,2018,0.0,1267.0
Sutter,2018-2020,241.0,90167.0
Sutter,2019,10.0,1255.0
Sutter,2019-2021,128.0,89612.0
Sutter,2020,0.0,1256.0
Sutter,2021,0.0,1254.0
Tehama,2007,0.0,766.0
Tehama,2007-2009,132.0,52129.0
Tehama,2008,0.0,790.0
Tehama,2008-2010,197.0,52187.0
Tehama,2009,0.0,814.0
Tehama,2009-2011,148.0,50863.0
Tehama,2010,0.0,768.0
Tehama,2010-2012,99.0,49886.0
Tehama,2011,0.0,728.0
Tehama,2011-2013,20.0,49557.0
Tehama,2012,0.0,767.0
Tehama,2012-2014,42.0,50844.0
Tehama,2013,0.0,753.0
Tehama,2013-2015,86.0,56748.0
Tehama,2014,0.0,787.0
Tehama,2014-2016,32.0,57593.0
Tehama,2015,0.0,828.0
Tehama,2015-2017,43.0,56592.0
Tehama,2016,0.0,789.0
Tehama,2016-2018,40.0,54319.0
Tehama,2017,0.0,743.0
Tehama,2017-2019,162.0,54375.0
Tehama,2018,0.0,733.0
Tehama,2018-2020,147.0,54057.0
Tehama,2019,0.0,789.0
Tehama,2019-2021,197.0,54503.0
Tehama,2020,0.0,731.0
Tehama,2021,0.0,750.0
Trinity,2007,0.0,118.0
Trinity,2007-2009,0.0,7902.0
Trinity,2008,0.0,126.0
Trinity,2008-2010,0.0,7663.0
Trinity,2009,0.0,117.0
Trinity,2009-2011,0.0,7604.0
Trinity,2010,0.0,107.0
Trinity,2010-2012,0.0,7778.0
Trinity,2011,0.0,124.0
Trinity,2011-2013,0.0,7620.0
Trinity,2012,0.0,125.0
Trinity,2012-2014,0.0,7365.0
Trinity,2013,0.0,100.0
Trinity,2013-2015,0.0,7384.0
Trinity,2014,0.0,112.0
Trinity,2014-2016,0.0,7588.0
Trinity,2015,0.0,102.0
Trinity,2015-2017,0.0,7932.0
Trinity,2016,0.0,109.0
Trinity,2016-2018,0.0,8200.0
Trinity,2017,0.0,126.0
Trinity,2017-2019,0.0,7927.0
Trinity,2018,0.0,112.0
Trinity,2018-2020,0.0,7368.0
Trinity,2019,0.0,97.0
Trinity,2019-2021,0.0,7373.0
Trinity,2020,0.0,102.0
Trinity,2021,0.0,113.0
Tulare,2007,64.0,8509.0
Tulare,2007-2009,2703.0,558998.0
Tulare,2008,41.0,8533.0
Tulare,2008-2010,2384.0,551323.0
Tulare,2009,46.0,8362.0
Tulare,2009-2011,2189.0,539007.0
Tulare,2010,46.0,8160.0
Tulare,2010-2012,2046.0,531175.0
Tulare,2011,31.0,7966.0
Tulare,2011-2013,1976.0,520359.0
Tulare,2012,39.0,8001.0
Tulare,2012-2014,2311.0,512907.0
Tulare,2013,42.0,7652.0
Tulare,2013-2015,2620.0,543419.0
Tulare,2014,47.0,7619.0
Tulare,2014-2016,2736.0,531287.0
Tulare,2015,42.0,7413.0
Tulare,2015-2017,2707.0,519494.0
Tulare,2016,48.0,7146.0
Tulare,2016-2018,2539.0,507496.0
Tulare,2017,48.0,7131.0
Tulare,2017-2019,2101.0,498744.0
Tulare,2018,33.0,6898.0
Tulare,2018-2020,2072.0,489038.0
Tulare,2019,26.0,6766.0
Tulare,2019-2021,2102.0,486806.0
Tulare,2020,46.0,6705.0
Tulare,2021,34.0,6799.0
Tuolumne,2007,0.0,474.0
Tuolumne,2007-2009,0.0,30505.0
Tuolumne,2008,0.0,487.0
Tuolumne,2008-2010,0.0,30770.0
Tuolumne,2009,0.0,425.0
Tuolumne,2009-2011,0.0,29508.0
Tuolumne,2010,0.0,487.0
Tuolumne,2010-2012,0.0,30295.0
Tuolumne,2011,0.0,430.0
Tuolumne,2011-2013,0.0,30036.0
Tuolumne,2012,0.0,460.0
Tuolumne,2012-2014,20.0,30613.0
Tuolumne,2013,0.0,475.0
Tuolumne,2013-2015,0.0,33422.0
Tuolumne,2014,0.0,454.0
Tuolumne,2014-2016,44.0,32983.0
Tuolumne,2015,0.0,466.0
Tuolumne,2015-2017,0.0,33358.0
Tuolumne,2016,0.0,456.0
Tuolumne,2016-2018,20.0,32972.0
Tuolumne,2017,0.0,470.0
Tuolumne,2017-2019,0.0,33257.0
Tuolumne,2018,0.0,450.0
Tuolumne,2018-2020,32.0,31451.0
Tuolumne,2019,0.0,466.0
Tuolumne,2019-2021,0.0,31642.0
Tuolumne,2020,0.0,395.0
Tuolumne,2021,0.0,458.0
United States,2007-2009,0.0,0.0
United States,2008,28075.0,4247726.0
United States,2008-2010,0.0,0.0
United States,2009,26408.0,4130665.0
United States,2009-2011,0.0,0.0
United States,2010,24572.0,3999386.0
United States,2010-2012,0.0,0.0
United States,2011,24001.0,3953590.0
United States,2011-2013,0.0,0.0
United States,2012,23654.0,3952841.0
United States,2012-2014,0.0,0.0
United States,2013,23446.0,3932181.0
United States,2013-2015,0.0,0.0
United States,2014,23211.0,3988076.0
United States,2014-2016,0.0,0.0
United States,2015,23462.0,3978497.0
United States,2015-2017,0.0,0.0
United States,2016,23157.0,3945875.0
United States,2016-2018,0.0,0.0
United States,2017,22341.0,3855500.0
United States,2017-2019,0.0,0.0
United States,2018,21498.0,3791712.0
United States,2018-2020,0.0,0.0
United States,2019,20927.0,3747540.0
United States,2020,19578.0,3613647.0
United States,2021,0.0,0.0
Ventura,2007,73.0,12196.0
Ventura,2007-2009,3432.0,784710.0
Ventura,2008,64.0,12082.0
Ventura,2008-2010,3113.0,762942.0
Ventura,2009,51.0,11353.0
Ventura,2009-2011,2688.0,731613.0
Ventura,2010,55.0,11150.0
Ventura,2010-2012,2688.0,715819.0
Ventura,2011,42.0,10657.0
Ventura,2011-2013,2858.0,699990.0
Ventura,2012,52.0,10641.0
Ventura,2012-2014,2893.0,695546.0
Ventura,2013,64.0,10441.0
Ventura,2013-2015,3033.0,743195.0
Ventura,2014,44.0,10471.0
Ventura,2014-2016,2308.0,722004.0
Ventura,2015,42.0,10062.0
Ventura,2015-2017,2420.0,694497.0
Ventura,2016,31.0,9593.0
Ventura,2016-2018,2218.0,670018.0
Ventura,2017,50.0,9324.0
Ventura,2017-2019,2450.0,652555.0
Ventura,2018,33.0,9030.0
Ventura,2018-2020,2077.0,629019.0
Ventura,2019,40.0,8829.0
Ventura,2019-2021,1791.0,623177.0
Ventura,2020,31.0,8332.0
Ventura,2021,20.0,8783.0
Yolo,2007,13.0,2522.0
Yolo,2007-2009,358.0,168212.0
Yolo,2008,0.0,2669.0
Yolo,2008-2010,273.0,165831.0
Yolo,2009,0.0,2484.0
Yolo,2009-2011,224.0,158618.0
Yolo,2010,0.0,2426.0
Yolo,2010-2012,348.0,157985.0
Yolo,2011,0.0,2342.0
Yolo,2011-2013,344.0,159692.0
Yolo,2012,10.0,2452.0
Yolo,2012-2014,444.0,161034.0
Yolo,2013,10.0,2492.0
Yolo,2013-2015,725.0,174299.0
Yolo,2014,11.0,2395.0
Yolo,2014-2016,588.0,172607.0
Yolo,2015,19.0,2403.0
Yolo,2015-2017,507.0,169592.0
Yolo,2016,0.0,2423.0
Yolo,2016-2018,145.0,163100.0
Yolo,2017,0.0,2271.0
Yolo,2017-2019,146.0,155047.0
Yolo,2018,0.0,2131.0
Yolo,2018-2020,162.0,147734.0
Yolo,2019,0.0,2083.0
Yolo,2019-2021,219.0,143770.0
Yolo,2020,0.0,1961.0
Yolo,2021,0.0,1964.0
Yuba,2007,0.0,1351.0
Yuba,2007-2009,186.0,85107.0
Yuba,2008,11.0,1264.0
Yuba,2008-2010,225.0,82272.0
Yuba,2009,0.0,1246.0
Yuba,2009-2011,135.0,82672.0
Yuba,2010,0.0,1223.0
Yuba,2010-2012,154.0,81976.0
Yuba,2011,0.0,1282.0
Yuba,2011-2013,217.0,81482.0
Yuba,2012,0.0,1213.0
Yuba,2012-2014,197.0,79505.0
Yuba,2013,10.0,1200.0
Yuba,2013-2015,402.0,85147.0
Yuba,2014,0.0,1193.0
Yuba,2014-2016,410.0,86073.0
Yuba,2015,14.0,1155.0
Yuba,2015-2017,451.0,85885.0
Yuba,2016,10.0,1239.0
Yuba,2016-2018,203.0,84498.0
Yuba,2017,0.0,1184.0
Yuba,2017-2019,244.0,82721.0
Yuba,2018,0.0,1098.0
Yuba,2018-2020,281.0,80819.0
Yuba,2019,12.0,1167.0
Yuba,2019-2021,278.0,82619.0
Yuba,2020,0.0,1116.0
Yuba,2021,0.0,1181.0
